asset_id,post_url,post_date,caption_excerpt,visual_what,is_atabek_visible,role_hypothesis,event_name_candidate,event_place_candidate,event_date_candidate,org_speakers_visible,web_match,claim_level,strategic_tag,publish_risk,notes
SPK-001-listing,https://bishkek.events/event/stomatologicheskij-kongress/,2024-03-16/2024-03-30 (listing),"Атабек Раимов @doctor_raimov — Микроимпланты в ортодонтии (минивинты)",Program listing HTML archived,n/a,speaker,Стоматологический Конгресс DemMed,Ош / Бишкек,2024-03-16 / 2024-03-30,DemMed / TishFarm,found: evidence/pages/congress-bishkek-events.html + excerpts/speaking-demmed-congress-2024.md,explicit,TAD_miniscrew,low,SPEAKING_REGISTER SPK-001; primary PDF SPK-002 still missing
C2KnKs5oCsB#caption,https://www.instagram.com/p/C2KnKs5oCsB/,2024-01-16,"Стоматологический Конгресс KG; 3.Атабек Раимов … Микроимпланты…; даты Ош 16.03 / Бишкек 30.03",Carousel promo (reviewed slide = Askat Talantbekov card; caption lists Raimov #3),unclear_on_reviewed_slide,speaker_listed,DemMed Стоматологический Конгресс 2024,Ош / Бишкек,2024-03-16 / 2024-03-30,@demmed.kg @tishfarm.kg,same as SPK-001,explicit,TAD_miniscrew,low,Caption is primary for Raimov listing; reviewed image is another speaker's poster
Cq0ng7mM3zw,https://www.instagram.com/p/Cq0ng7mM3zw/,2023-04-09,"Город Ош… Лучшие организаторы @demmed.kg … Лучшие ученики",video (not fully frame-reviewed),unclear,speaker_or_instructor_hypothesis,DemMed event Ош,Ош,2023-04 (approx from post),@demmed.kg,not_found_primary_PDF,explicit_thanks + role_unclear,education_speaker,low,Earlier DemMed Ош activity before 2024 congress; role not proven as congress speaker
C5No-ntAEgC,https://www.instagram.com/p/C5No-ntAEgC/,2024-04-01,"Отрывок … речи … на конгрессе @demmed.kg",video of speech (audio not transcribed here),yes_likely,speaker,DemMed Конгресс 2024,Бишкек/Ош (caption only),2024-03, @demmed.kg,supports SPK-001,explicit,TAD_miniscrew / speaking,low,Post-congress speech clip; strengthens SPK-001 beyond listing
CWViPCyAPY-#caption,https://www.instagram.com/p/CWViPCyAPY-/,2021-11-16,"Окончил: КРСУ. Стоматологический факультет. Ординатуру проходил в Мед Академии.",Self-intro post; framed certificate in image,yes_as_subject_of_cert,self_bio,n/a education claim,Бишкек / КР,n/a,ПМА,n/a,discovered_self_claim,education,medium,Patient-site needs C-07 clinic confirmation; do not treat IG as diploma proof alone
CWViPCyAPY-#0,https://www.instagram.com/p/CWViPCyAPY-/,2021-11-16,"(same post)",Framed certificate: Раимов Атабек; ПМА; «Ортодонтические Минивинты»; 12ч; Бишкек; 12-13 июня 2019; лектор Фазылиев Азат; директор Абдиев Арсен,yes_named_on_cert,attendee_certificate,ПМА курс минивинты,Бишкек,2019-06-12/13,ПМА / Фазылиев Азат,not_found,visual_strong,TAD_miniscrew / education_attendee,medium,Certificate inventory candidate; rights/OCR year OK; clinic gate for patient-site
DFHJ0n_IvxV#caption,https://www.instagram.com/p/DFHJ0n_IvxV/,2025-01-22,"12го января … #ортокомьюнити … разбирали кейсы… не является обучением",Ortho-community meeting recap,yes,co_host_or_core_organizer,Ортокомьюнити / ortho-community,Бишкек,2025-01-12,@expert_dental_studio @doctor_raimov @muradov_ortho,not_found_independent_listing,explicit,community / education_peer,low,Caption denies this is formal training; peer case review
DFHJ0n_IvxV#banner,https://www.instagram.com/p/DFHJ0n_IvxV/,2025-01-22,"(same)",Banner «ortho-community / ортодонтическая встреча»; handles @expert_dental_studio @doctor_raimov @muradov_ortho; map KG,yes,organizer_host_visual_strong,ortho-community,Бишкек,2025-01-12,clinic + muradov_ortho on banner,not_found,visual_strong,community,low,evidence/instagram-passb/DFHJ0n_IvxV/image.jpg
DM9T9q-IDRp,https://www.instagram.com/p/DM9T9q-IDRp/,2025-08-05,"Прошла очередная встреча нашего ОРТОКОМЬЮНИТИ",video,unclear,organizer_language_наш,Ортокомьюнити,Бишкек,2025-08 (approx),unknown,not_found,explicit_language,community,low,«нашего» = ownership language; still clinic_confirmation for founder claim
DMe2pv-Mu84,https://www.instagram.com/p/DMe2pv-Mu84/,2025-07-24,"Записаться на встречу ортокомьюнити 0504 925 494",video/CTA,unclear,organizer_or_admin_CTA,Ортокомьюнити,Бишкек,unknown,unknown,not_found,explicit_CTA,community,low,Same phone as education CTA cluster
DP012iIjV-j,https://www.instagram.com/p/DP012iIjV-j/,2025-10-15,"Первый ортодонтический конгресс в Центральной Азии; 7 спикеров; Раимов Атабек …",promo/video listing speakers,yes_named,speaker_listed,Ортодонтический конгресс ЦА (self-named),Бишкек (implied),anonс 2025-10+,listed peers,not_found_independent,explicit_listing,education_speaker / orthodontics,low,Needs date/place confirmation + whether event occurred; candidate SPEAKING SPK-00x
DRyjKW3iOmb,https://www.instagram.com/p/DRyjKW3iOmb/,2025-12-03,"21 ДЕКАБРЯ Бишкек … 5000/3000 сом … 0504925494",video анонс,unclear,host_or_promoter,unnamed day event (same pricing as OrthoDay),Бишкек,2025-12-21,unknown,not_found,explicit_announcement,education_host,low,Likely same format as OrthoDay; name not in caption
DUrwwBhCCmZ,https://www.instagram.com/p/DUrwwBhCCmZ/,2026-02-13,"приглашаем всех на OrthoDay; 29 марта; Бишкек",video анонс,unclear,host_or_promoter,OrthoDay,Бишкек,2026-03-29,unknown,not_found_independent,explicit_announcement,education_host,low,Role not explicit in caption; see DWggvq0DUJ5 for post-event role
DWggvq0DUJ5#0,https://www.instagram.com/p/DWggvq0DUJ5/,2026-03-30,"Это было мощно… Благодарен каждому участнику… Следующая остановка: Южная часть страны… Платформа @ortho.community",Group celebration; lanyards,yes,host_organizer_language,OrthoDay,Бишкек,2026-03-29,speakers listed in caption (others); @ortho.community,not_found,explicit_host_language,education_host,low,Caption lists other speakers; does not list self as speaker — visual does
DWggvq0DUJ5#1,https://www.instagram.com/p/DWggvq0DUJ5/,2026-03-30,"(same)",Atabek on stage with handheld mic; LED screen «…THO DAY / 29 МАРТА / …7 СП…»,yes,speaker_or_host_on_stage,OrthoDay,Бишкек,2026-03-29,OrthoDay branding,not_found,visual_strong,education_host / speaking,low,evidence/instagram-passb/DWggvq0DUJ5/slide01.jpg; strongest OrthoDay role proof
DYfEeOEDeP-#0,https://www.instagram.com/p/DYfEeOEDeP-/,2026-05-18,"Kim Jeong-Il … Автор книги MEAW … Спасибо профессору…",Photo with East-Asian lecturer; Atabek holds ortho dental model; lecture room,yes,attendee_with_instructor,MEAW course / meeting Kim Jeong-Il,Korea_candidate (see sibling post docs),2024-05 or 2026-05 TBD,Kim Jeong-Il,kooalldam.com brand on sibling,visual_strong_meeting,method_MEAW / international,medium,Same room aesthetic as DYkP5a9jSHZ; year TBD
DYfEeOEDeP-#1,https://www.instagram.com/p/DYfEeOEDeP-/,2026-05-18,"(same)",Book cover MEAW vol.2 Kim Jeong-Il Well Publishing,no,network_tribute,n/a,n/a,n/a,Kim Jeong-Il,publisher identifiable,network_only,method_MEAW,low,Book prop; not proof of course alone
DYkP5a9jSHZ#1,https://www.instagram.com/p/DYkP5a9jSHZ/,2026-05-20,"Спасибо … @dr.yulduzkasimova @nazrullaevbakhrom за организацию мега крутого курса",Group photo; projection screen circular MEAW logo,yes,attendee,MEAW course (organized w/ Nazrullaev/Kasimova per caption),Korea_candidate,see#4,Kim Jeong-Il on screen context; organizers mentioned,visual_strong,method_MEAW / education_attendee,medium,Caption organizers ≠ Дагестан
DYkP5a9jSHZ#cert,https://www.instagram.com/p/DYkP5a9jSHZ/,2026-05-20,"(same)",Atabek + lecturer hold Certificate «Dr. Raimov Atabek»; seal/QR,yes,certificate_recipient,MEAW-related course,unknown_until_OCR,unknown,lecturer East-Asian (Kim Jeong-Il hypothesis),not_found,visual_strong,method_MEAW / education_attendee,medium,Full certificate OCR still needed (issuer/dates)
DYkP5a9jSHZ#3,https://www.instagram.com/p/DYkP5a9jSHZ/,2026-05-20,"(same)",Lecturer presenting slide «Bracket System in Class III»; logos KOO ALL DAM / www.kooalldam.com,no,attendee_recording,MEAW / Kooalldam teaching,Korea_candidate,unknown,Kim Jeong-Il / Kooalldam,https://www.kooalldam.com (discovered brand),visual_strong_context,method_MEAW,low,Supports Korea/MEAW school link
DYkP5a9jSHZ#4,https://www.instagram.com/p/DYkP5a9jSHZ/,2026-05-20,"(same)",Badge «Raimov Atabek»; book dedication to Atabek about MEAW; papers «MEAW INTRO COURSE» «Short Course for … Dentists in Korea»; date strings on docs,yes,attendee,MEAW Intro Course,Korea,docs show 16-20 May (year OCR 2024 — VERIFY),Kim Jeong-Il,kooalldam,visual_strong,method_MEAW / international,medium,CRITICAL: re-OCR year (post is 2026-05; dedication may be 2024 or 2026). evidence/instagram-passb/DYkP5a9jSHZ/slide04.jpg
DaA_LgmDBK6,https://www.instagram.com/p/DaA_LgmDBK6/,2026-06-25,"ВПЕРВЫЕ В ДАГЕСТАНЕ — Назруллаев Бахром…",Promo poster: dental school; Nazrullaev course; Махачкала ALLEA RESORT; micro-implants day2; Atabek NOT on poster,no,promoter_repost_not_speaker,Курс Назруллаева (dental school),Махачкала,24-25 октября (year unknown),Nazrullaev / @dental_school,not_validated,network_only,education_network,low,Do NOT classify as Atabek attendance/speaking without other proof
DYOflVvN0DS,https://www.instagram.com/p/DYOflVvN0DS/,2026-05-12,"Наши братья с Ташкента… @fayzullo.gulyamov",Night outdoor group photo,yes,network_hosting_language,informal meetup,Бишкек_candidate,2026-05,fayzullo.gulyamov,n/a,network_only,network_CIS,low,No formal event name
DUXJqp9iKVb,https://www.instagram.com/p/DUXJqp9iKVb/,2026-02-05,"наставничество… зачем мы запускаем школу наставничества…",video podcast,yes_likely,host_or_guest,unnamed podcast / школа наставничества,unknown,2026-02,unknown,URL in profile bio TBD,explicit_intent,education_mentorship,medium,«школа наставничества» ≠ Raimov Academy proof; clinic C-11
