raimsys.com	AVAILABLE	7	404
drraim.com	AVAILABLE	6	404
myraim.com	AVAILABLE	6	404
tryraim.com	AVAILABLE	7	404
raimpro.com	AVAILABLE	7	404
goraim.com	TAKEN	6	200	HOSTINGER operations, UAB
raimway.com	AVAILABLE	7	404
raimcare.com	AVAILABLE	8	404
raimapp.com	AVAILABLE	7	404
raim-smile.com	AVAILABLE	10	404
raimtech.com	TAKEN	8	200	Key-Systems GmbH
joinraim.com	TAKEN	8	200	Dynadot Inc
raimhub.com	AVAILABLE	7	404
raim-dental.com	AVAILABLE	11	404
raimsmile.com	AVAILABLE	9	404
raim-lab.com	AVAILABLE	8	404
raim-pro.com	AVAILABLE	8	404
raim-veneers.com	AVAILABLE	12	404
raimsmiles.com	AVAILABLE	10	404
raim24.com	AVAILABLE	6	404
raim365.com	AVAILABLE	7	404
raimgrin.com	AVAILABLE	8	404
raim360.com	AVAILABLE	7	404
veneeraim.com	AVAILABLE	9	404
mysmileraim.com	AVAILABLE	11	404
raimveneers.com	AVAILABLE	11	404
raimaesthetic.com	AVAILABLE	13	404
smilebyraim.com	AVAILABLE	11	404
raimveneer.com	AVAILABLE	10	404
veneersbyraim.com	AVAILABLE	13	404
raimdental.com	AVAILABLE	10	404
raimdent.com	AVAILABLE	8	404
raimlaminates.com	AVAILABLE	13	404
raimesthetics.com	AVAILABLE	13	404
raimestetica.com	AVAILABLE	12	404
raimbeauty.com	AVAILABLE	10	404
raimflow.com	AVAILABLE	8	404
raimmethod.com	AVAILABLE	10	404
raimoral.com	AVAILABLE	8	404
raimstom.com	AVAILABLE	8	404
raimlab.com	TAKEN	7	200	Wix.com Ltd.
dratabek.com	AVAILABLE	8	404
atabekraimov.com	AVAILABLE	12	404
raimclinic.com	AVAILABLE	10	404
raimsystem.com	AVAILABLE	10	404
raimprotocol.com	AVAILABLE	12	404
raimovmd.com	AVAILABLE	8	404
drraimov.com	AVAILABLE	8	404
araimov.com	AVAILABLE	7	404
raimadvanced.com	AVAILABLE	12	404
raimstudio.com	TAKEN	10	200	GoDaddy.com, LLC
raimlight.com	AVAILABLE	9	404
raimintegration.com	AVAILABLE	15	404
raimora.com	TAKEN	7	200	GoDaddy.com, LLC
raimara.com	AVAILABLE	7	404
raimova.com	AVAILABLE	7	404
raimray.com	AVAILABLE	7	404
raimart.com	TAKEN	7	200	eName Technology Co., Ltd.
useraim.com	TAKEN	7	200	NameCheap, Inc.
getraim.com	TAKEN	7	200	Guangdong JinWanBang Technology Investment Co., Ltd.
