raimsmile.com	NS=none	A=none	HTTP=000|http://raimsmile.com/|0ERR||0	WAYBACK=0
raimdental.com	NS=none	A=none	HTTP=000|http://raimdental.com/|0ERR||0	WAYBACK=1
raimveneers.com	NS=none	A=none	HTTP=000|http://raimveneers.com/|0ERR||0	WAYBACK=
raimmethod.com	NS=none	A=none	HTTP=000|http://raimmethod.com/|0ERR||0	WAYBACK=
drraim.com	NS=none	A=none	HTTP=000|http://drraim.com/|0ERR||0	WAYBACK=
myraim.com	NS=none	A=none	HTTP=000|http://myraim.com/|0ERR||0	WAYBACK=
raimcare.com	NS=none	A=none	HTTP=000|http://raimcare.com/|0ERR||0	WAYBACK=0
tryraim.com	NS=none	A=none	HTTP=000|http://tryraim.com/|0ERR||0	WAYBACK=
raimpro.com	NS=none	A=none	HTTP=000|http://raimpro.com/|0ERR||0	WAYBACK=
smilebyraim.com	NS=none	A=none	HTTP=000|http://smilebyraim.com/|0ERR||0	WAYBACK=
raimdent.com	NS=none	A=none	HTTP=000|http://raimdent.com/|0ERR||0	WAYBACK=
veneeraim.com	NS=none	A=none	HTTP=000|http://veneeraim.com/|0ERR||0	WAYBACK=
raimveneer.com	NS=none	A=none	HTTP=000|http://raimveneer.com/|0ERR||0	WAYBACK=
raimsystem.com	NS=none	A=none	HTTP=000|http://raimsystem.com/|0ERR||0	WAYBACK=
raimhub.com	NS=none	A=none	HTTP=000|http://raimhub.com/|0ERR||0	WAYBACK=
raimlight.com	NS=none	A=none	HTTP=000|http://raimlight.com/|0ERR||0	WAYBACK=
raimway.com	NS=none	A=none	HTTP=000|http://raimway.com/|0ERR||0	WAYBACK=
atabekraimov.com	NS=none	A=none	HTTP=000|http://atabekraimov.com/|0ERR||0	WAYBACK=0
drraimov.com	NS=none	A=none	HTTP=000|http://drraimov.com/|0ERR||0	WAYBACK=
raimaesthetic.com	NS=none	A=none	HTTP=000|http://raimaesthetic.com/|0ERR||0	WAYBACK=0
